-- test_production.sql
-- School info if somebody searches for 'Duke University'
SELECT size FROM School WHERE name = 'Duke University';
 size
-------
 53744
(1 row)

SELECT rank FROM School WHERE name = 'Duke University';
 rank
------
    9
(1 row)

SELECT tuition FROM School WHERE name = 'Duke University';
 tuition
---------
    6609
(1 row)

SELECT city_name FROM location JOIN school s ON s.name=school_name WHERE s.name = 'Duke University';
 city_name
-----------
 Durham
(1 row)

SELECT state FROM location JOIN school s ON s.name=school_name WHERE s.name = 'Duke University';
 state
-------
 NC
(1 row)

-- Similar schools
-- Similar size
SELECT s2.name, ABS(s1.size-s2.size) AS sizeDif FROM school s1 JOIN school s2 ON s1.name <> s2.name WHERE s1.name = 'Duke University' AND ABS(s1.size-s2.size) < 2000 ORDER BY sizeDif LIMIT 10;
               name                | sizedif
-----------------------------------+---------
 Brandeis University               |     162
 Carnegie Mellon University        |     166
 University of Pennsylvania        |     210
 George Washington University      |     226
 Brown University                  |     325
 Boston College                    |     398
 University of Southern California |     515
 Tufts University                  |     574
 Tulane University                 |     784
 Darthmouth College                |     794
(10 rows)

-- Similar tuition
SELECT s2.name, ABS(s1.tuition-s2.tuition) AS tuitionDif FROM school s1 JOIN school s2 ON s1.name <> s2.name WHERE s1.name = 'Duke University' AND ABS(s1.tuition-s2.tuition) < 5000 ORDER BY tuitionDif LIMIT 10;
               name               | tuitiondif
----------------------------------+------------
 Carnegie Mellon University       |         64
 Southern Methodist University    |         88
 Harvard University               |        101
 University of Rochester          |        223
 Tulane University                |        232
 Emory University                 |        252
 Vanderbilt University            |        262
 Brown University                 |        317
 College of William and Mary      |        333
 Rensselaer Polytechnic Institute |        344
(10 rows)

-- Schools close by
SELECT s.name, SQRT(POWER(c.latitude-gc.latitude,2)+POWER(c.longitude-gc.longitude,2)) as dist FROM School g JOIN Location gl ON g.name=gl.school_name JOIN City gc ON gc.name=gl.city_name AND gc.state=gl.state, School s JOIN Location l ON s.name=l.school_name JOIN City c ON c.name=l.city_name AND c.state=l.state WHERE g.name='Duke University' AND g.name!=s.name ORDER BY dist LIMIT 10;
                    name                     |       dist
---------------------------------------------+-------------------
 University of North Carolina at Chapel Hill | 0.176787977433429
 North Carolina State University at Raleigh  | 0.337364482198412
 Wake Forest University                      |  1.34975206624698
 Virginia Tech                               |  1.95518638344277
 College of William and Mary                 |  2.53595635723586
 American University                         |  3.45725338596768
 Georgetown University                       |  3.45725338596768
 George Washington University                |  3.45725338596768
 University of Maryland at College Park      |  3.58035903489817
 Johns Hopkins University                    |  4.01169523428737
(10 rows)
